/opt/qwen35_08b/save_triton_formal_single/iter_0000100/.metadata	165834
/opt/qwen35_08b/save_triton_formal_single/iter_0000100/__0_0.distcp	1017120297
/opt/qwen35_08b/save_triton_formal_single/iter_0000100/__0_1.distcp	1017120297
/opt/qwen35_08b/save_triton_formal_single/iter_0000100/__0_10.distcp	170941543
/opt/qwen35_08b/save_triton_formal_single/iter_0000100/__0_11.distcp	170941543
/opt/qwen35_08b/save_triton_formal_single/iter_0000100/__0_12.distcp	170941543
/opt/qwen35_08b/save_triton_formal_single/iter_0000100/__0_13.distcp	170941543
/opt/qwen35_08b/save_triton_formal_single/iter_0000100/__0_14.distcp	171008497
/opt/qwen35_08b/save_triton_formal_single/iter_0000100/__0_15.distcp	171008433
/opt/qwen35_08b/save_triton_formal_single/iter_0000100/__0_2.distcp	171202110
/opt/qwen35_08b/save_triton_formal_single/iter_0000100/__0_3.distcp	171202110
/opt/qwen35_08b/save_triton_formal_single/iter_0000100/__0_4.distcp	172511253
/opt/qwen35_08b/save_triton_formal_single/iter_0000100/__0_5.distcp	170981688
/opt/qwen35_08b/save_triton_formal_single/iter_0000100/__0_6.distcp	170999035
/opt/qwen35_08b/save_triton_formal_single/iter_0000100/__0_7.distcp	171006920
/opt/qwen35_08b/save_triton_formal_single/iter_0000100/__0_8.distcp	170941543
/opt/qwen35_08b/save_triton_formal_single/iter_0000100/__0_9.distcp	170941543
